"","dvine","cvine","rvine"
"AIC",-13233.5443531988,-13141.374939391,-13219.1414082794
"BIC",-12925.1383747887,-12810.5394352782,-12899.5206670179
"Log.likelihood",6671.77217659942,6629.68746969548,6666.57070413968
