"","normal","t","frank","clayton","gumbel"
"AIC",-11882.9602001288,-12827.3537103072,-6234.22223415375,-6818.93198264084,-6523.36535940403
"BIC",-11681.0944688058,-12619.8805975586,-6228.61485272811,-6813.3246012152,-6517.75797797839
"Log.likelihood",5977.48010006441,6450.67685515362,3118.11111707688,3410.46599132042,3262.68267970202
